,text,time,sentiment
0,RT : Adesua Wellington sef be stepper...abi na my eyes dey pain me      #,2022-12-15 20:00:58+00:00,False
1,"Amid the wild celebrations from the French players, their superstar forward, Kylian Mbappe, could be seen weaving his way around his teammates before leaning over his good friend and stalwart of the Moroccan defense, Achraf Hakimi.   ",2022-12-15 20:00:57+00:00,False
4, is an absolute moron for disagreeing with  on this.How can anyone get their news from someone so shamefully unreasonable?     ,2022-12-15 20:00:55+00:00,False
14,DO YOU KNOW?Chelsea are set to sign Striker Datro Fofana from Molde for 8.6m in January 2023. ,2022-12-15 20:00:48+00:00,False
15,RT : Riot has no religion.    ,2022-12-15 20:00:48+00:00,False
23,RT : Adesua Wellington sef be stepper...abi na my eyes dey pain me      #,2022-12-15 20:00:40+00:00,False
24,RT : Riot has no religion.    ,2022-12-15 20:00:38+00:00,False
28,          |    ,2022-12-15 20:00:34+00:00,False
36,Urgent!    : La  aurait demand  la  de laisser l gagner ainsi permettre   de remporter le seul trophe qui lui manque. ,2022-12-15 20:00:26+00:00,False
38,RT : Riot has no religion.    ,2022-12-15 20:00:20+00:00,False
54,RT : Adesua Wellington sef be stepper...abi na my eyes dey pain me      #,2022-12-15 20:00:10+00:00,False
55,Moje podsumowanie pfinaw  i Szymon Marciniak na tapecie. Zapraszam!        /       ,2022-12-15 20:00:09+00:00,False
62, #   #..          ,2022-12-15 20:00:02+00:00,False
71,"Querido M`bape:1- jugaste fase de grupos vs Ucrania, Finlandia, Bosnia y Kazajistn. 2- De los 32 clasificados, 12 son de Europa, vs 4, 7, 4 y 5 de los dems continentes.   ",2022-12-15 20:01:49+00:00,False
77,RT : $20 | 290.000 IDR ~ 4 HOURS  RT this &amp;      ,2022-12-15 20:01:44+00:00,False
83,RT : Adesua Wellington sef be stepper...abi na my eyes dey pain me      #,2022-12-15 20:01:37+00:00,False
85,RT :        |       ,2022-12-15 20:01:37+00:00,False
87,RT : $20 | 290.000 IDR ~ 4 HOURS  RT this &amp;      ,2022-12-15 20:01:34+00:00,False
88,   ,2022-12-15 20:01:33+00:00,False
89,RT : $20 | 290.000 IDR ~ 4 HOURS  RT this &amp;      ,2022-12-15 20:01:33+00:00,False
90,RT : te geen haftaki yakm miktarmz; Tam 24  Ve imdideden bu miktar gemi bulunuyoruz.Yeni yakm gnne sad,2022-12-15 20:01:32+00:00,False
99,RT : Adesua Wellington sef be stepper...abi na my eyes dey pain me      #,2022-12-15 20:01:22+00:00,False
102,RT : Adesua Wellington sef be stepper...abi na my eyes dey pain me      #,2022-12-15 20:01:17+00:00,False
104,RT : $20 | 290.000 IDR ~ 4 HOURS  RT this &amp;      ,2022-12-15 20:01:15+00:00,False
117,RT : Riot has no religion.    ,2022-12-15 20:01:00+00:00,False
119,"France and Argentina are gearing up for a heavyweight  final that pits Kylian Mbappe against Lionel Messi in a hotly anticipated duel, with history on the line",2022-12-15 20:01:00+00:00,False
122,RT : Adesua Wellington sef be stepper...abi na my eyes dey pain me      #,2022-12-15 20:02:57+00:00,False
133,RT : Adesua Wellington sef be stepper...abi na my eyes dey pain me      #,2022-12-15 20:02:43+00:00,False
136,RT : $20 | 290.000 IDR ~ 4 HOURS  RT this &amp;      ,2022-12-15 20:02:41+00:00,False
139," The highest payment of any club in the world will go to Manchester City, who will get 4.5 million from FIFA for releasing their players for the World Cup. (Referring to ) Sign up    ",2022-12-15 20:02:33+00:00,False
140,RT : te geen haftaki yakm miktarmz; Tam 24  Ve imdideden bu miktar gemi bulunuyoruz.Yeni yakm gnne sad,2022-12-15 20:02:32+00:00,False
142,      .         ,2022-12-15 20:02:26+00:00,False
168,                  ,2022-12-15 20:03:41+00:00,False
169,"NO VEO LA HORA, QUE LLEGUE EL DOMINGO, DEJO TODO LO QUE TENGO QUE HACER, ME VOY A VER A LIONELLL, LA BANDA ESTA LOCAAA POR TRAER LA COPAA    ",2022-12-15 20:03:40+00:00,False
175,Is it a Grail?  Black 1/1 Messi pulled at Cherry  Recently acquired by Exquisite Sports Collectibles.       ,2022-12-15 20:03:37+00:00,False
178,"Eu no toro pra Argentina. Porm, nada contra quem torce.E a Frana? Safoda eles!  ",2022-12-15 20:03:32+00:00,False
193,"Is this the worst World Cup of all time, Ive watched about 4 games just not interested, FIFA should be ashamed of themselves, also believe protests should of happened years ago  and are pointless now ",2022-12-15 20:03:09+00:00,False
195,   # ,2022-12-15 20:03:08+00:00,False
200,    ,2022-12-15 20:03:03+00:00,False
204,RT : Riot has no religion.    ,2022-12-15 20:04:57+00:00,False
211,RT : The final match in the 92-year history of the World Cup Argentina has the 6th time to play the final France has th,2022-12-15 20:04:49+00:00,False
212,Yes I said it...     ,2022-12-15 20:04:48+00:00,False
219,RT : Adesua Wellington sef be stepper...abi na my eyes dey pain me      #,2022-12-15 20:04:44+00:00,False
223,RT : Adesua Wellington sef be stepper...abi na my eyes dey pain me      #,2022-12-15 20:04:39+00:00,False
225,RT : $20 | 290.000 IDR ~ 4 HOURS  RT this &amp;      ,2022-12-15 20:04:36+00:00,False
226,Can someone tell me  ,2022-12-15 20:04:36+00:00,False
233,"RT : ""Of course, we are feeling sad.""Qatar hosted the men's , but the women's team hasn't played a competitive game s",2022-12-15 20:04:32+00:00,False
236,RT : Adesua Wellington sef be stepper...abi na my eyes dey pain me      #,2022-12-15 20:04:31+00:00,False
245,RT : $20 | 290.000 IDR ~ 4 HOURS  RT this &amp;      ,2022-12-15 20:04:20+00:00,False
255,"RT :  is supposed to be an African team, but there isn't a single  man playing for them.  on the other ha",2022-12-15 20:05:54+00:00,False
257,RT : Europe according to   is gone.  ,2022-12-15 20:05:52+00:00,False
258,                 ,2022-12-15 20:05:51+00:00,False
262,RT : Is it a Grail?  Black 1/1 Messi pulled at Cherry  Recently acquired by Exquisite Sports Collectibles.  ,2022-12-15 20:05:48+00:00,False
272,RT : $20 | 290.000 IDR ~ 4 HOURS  RT this &amp;      ,2022-12-15 20:05:34+00:00,False
275,RT : La tenue de l'Argentine pour la finale dvoile ! Lionel Messi et ses coquipiers seront vtus eux du maillot domicil,2022-12-15 20:05:31+00:00,False
283,RT : $20 | 290.000 IDR ~ 4 HOURS  RT this &amp;      ,2022-12-15 20:05:16+00:00,False
285,RT : $20 | 290.000 IDR ~ 4 HOURS  RT this &amp;      ,2022-12-15 20:05:15+00:00,False
290,RT : $20 | 290.000 IDR ~ 4 HOURS  RT this &amp;      ,2022-12-15 20:05:09+00:00,False
300,MATCHDAY 5: COLOMBIA 2 - 4 BELGIUM  ARGENTINA 2 - 1 BRAZIL   BELGIUM ADVANCES    BRAZIL ELIMINATED      ,2022-12-15 20:06:55+00:00,False
301,      ,2022-12-15 20:06:54+00:00,False
312,RT : Adesua Wellington sef be stepper...abi na my eyes dey pain me      #,2022-12-15 20:06:33+00:00,False
318,"L.Messi vs K.MbappUma final grandiosa,um jogao,entre dois grandes jogadores do futbol mundial. Quem ser o campeo,desse grande campeonato mundial???Argentina? Frana?    ",2022-12-15 20:06:27+00:00,False
321,RT : $20 | 290.000 IDR ~ 4 HOURS  RT this &amp;      ,2022-12-15 20:06:24+00:00,False
326,RT : Were with You till the very end Ronaldo    ,2022-12-15 20:06:17+00:00,False
329,RT : Adesua Wellington sef be stepper...abi na my eyes dey pain me      #,2022-12-15 20:06:14+00:00,False
338,RT : $20 | 290.000 IDR ~ 4 HOURS  RT this &amp;      ,2022-12-15 20:06:01+00:00,False
339,"RT :  is supposed to be an African team, but there isn't a single  man playing for them.  on the other ha",2022-12-15 20:06:01+00:00,False
343,  .     !!!      . #            ,2022-12-15 20:07:56+00:00,False
344,RT : te geen haftaki yakm miktarmz; Tam 24  Ve imdideden bu miktar gemi bulunuyoruz.Yeni yakm gnne sad,2022-12-15 20:07:54+00:00,False
348,#      ,2022-12-15 20:07:46+00:00,False
350,RT : $20 | 290.000 IDR ~ 4 HOURS  RT this &amp;      ,2022-12-15 20:07:43+00:00,False
357,      ,2022-12-15 20:07:35+00:00,False
361,RT : Adesua Wellington sef be stepper...abi na my eyes dey pain me      #,2022-12-15 20:07:28+00:00,False
363,DO YOU KNOW?3 big French stars struck down by illness ahead of World Cup final. ,2022-12-15 20:07:25+00:00,False
366,RT : $20 | 290.000 IDR ~ 4 HOURS  RT this &amp;      ,2022-12-15 20:07:19+00:00,False
371,RT : Adesua Wellington sef be stepper...abi na my eyes dey pain me      #,2022-12-15 20:07:12+00:00,False
373,RT : Europe according to   is gone.  ,2022-12-15 20:07:12+00:00,False
378,RT : Adesua Wellington sef be stepper...abi na my eyes dey pain me      #,2022-12-15 20:07:07+00:00,False
385,RT : Adesua Wellington sef be stepper...abi na my eyes dey pain me      #,2022-12-15 20:08:54+00:00,False
387,RT : Adesua Wellington sef be stepper...abi na my eyes dey pain me      #,2022-12-15 20:08:51+00:00,False
388,RT : $20 | 290.000 IDR ~ 4 HOURS  RT this &amp;      ,2022-12-15 20:08:50+00:00,False
389,RT : Adesua Wellington sef be stepper...abi na my eyes dey pain me      #,2022-12-15 20:08:48+00:00,False
402,RT : Adesua Wellington sef be stepper...abi na my eyes dey pain me      #,2022-12-15 20:08:36+00:00,False
404,RT :        |       ,2022-12-15 20:08:36+00:00,False
408,  ,2022-12-15 20:08:33+00:00,False
413,RT : Adesua Wellington sef be stepper...abi na my eyes dey pain me      #,2022-12-15 20:08:25+00:00,False
416,RT : Adesua Wellington sef be stepper...abi na my eyes dey pain me      #,2022-12-15 20:08:24+00:00,False
419,RT : Moroccans rioting in many European cities after losing to France in the World Cup. French people cannot celebrate their vic,2022-12-15 20:08:21+00:00,False
428,RT :        |       ,2022-12-15 20:08:10+00:00,False
433,RT : Adesua Wellington sef be stepper...abi na my eyes dey pain me      #,2022-12-15 20:08:03+00:00,False
436,RT : Adesua Wellington sef be stepper...abi na my eyes dey pain me      #,2022-12-15 20:09:56+00:00,False
443,RT : Adesua Wellington sef be stepper...abi na my eyes dey pain me      #,2022-12-15 20:09:46+00:00,False
445,"RT : As the world's attention is turned to the  game, let's remember the faces of children killed by Iran's security for",2022-12-15 20:09:46+00:00,False
450,Estoy coleccionando los mejores memes sobre LA final. Pueden colaborar.        ,2022-12-15 20:09:38+00:00,False
452,RT : Adesua Wellington sef be stepper...abi na my eyes dey pain me      #,2022-12-15 20:09:34+00:00,False
458,RT : Riot has no religion.    ,2022-12-15 20:09:30+00:00,False
459,RT : $20 | 290.000 IDR ~ 4 HOURS  RT this &amp;      ,2022-12-15 20:09:28+00:00,False
464,RT : Adesua Wellington sef be stepper...abi na my eyes dey pain me      #,2022-12-15 20:09:21+00:00,False
470,RT : Adesua Wellington sef be stepper...abi na my eyes dey pain me      #,2022-12-15 20:09:03+00:00,False
480,RT : Adesua Wellington sef be stepper...abi na my eyes dey pain me      #,2022-12-15 20:10:49+00:00,False
492,RT : $20 | 290.000 IDR ~ 4 HOURS  RT this &amp;      ,2022-12-15 20:10:34+00:00,False
496,                   ,2022-12-15 20:10:29+00:00,False
500," files official protest with  about semi-final refereeThe FRMF says it has sent a letter to Fifa regarding two indisputable penalties. It adds: ""The FRMF also expressed its great astonishment that the  VAR system did not react to these situations."" ",2022-12-15 20:10:23+00:00,False
501,Just went through an old drawer These were the days.      ,2022-12-15 20:10:23+00:00,False
504,       ,2022-12-15 20:10:15+00:00,False
505,RT : You know the real winner of this year's World Cup?Morocco's Hakim Ziyech.He's been donating all his  money t,2022-12-15 20:10:15+00:00,False
507,RT : Adesua Wellington sef be stepper...abi na my eyes dey pain me      #,2022-12-15 20:10:13+00:00,False
515,RT : $20 | 290.000 IDR ~ 4 HOURS  RT this &amp;      ,2022-12-15 20:10:04+00:00,False
517,RT : Adesua Wellington sef be stepper...abi na my eyes dey pain me      #,2022-12-15 20:11:58+00:00,False
525,RT : $20 | 290.000 IDR ~ 4 HOURS  RT this &amp;      ,2022-12-15 20:11:43+00:00,False
529,RT : Adesua Wellington sef be stepper...abi na my eyes dey pain me      #,2022-12-15 20:11:36+00:00,False
530,RT : Adesua Wellington sef be stepper...abi na my eyes dey pain me      #,2022-12-15 20:11:35+00:00,False
533,RT : Riot has no religion.    ,2022-12-15 20:11:34+00:00,False
536,RT : Adesua Wellington sef be stepper...abi na my eyes dey pain me      #,2022-12-15 20:11:31+00:00,False
539,RT : $20 | 290.000 IDR ~ 4 HOURS  RT this &amp;      ,2022-12-15 20:11:29+00:00,False
544,                    ,2022-12-15 20:11:25+00:00,False
545,"RT :  The highest payment of any club in the world will go to Manchester City, who will get 4.5 million from FIFA for releasing t",2022-12-15 20:11:23+00:00,False
554,RT : $20 | 290.000 IDR ~ 4 HOURS  RT this &amp;      ,2022-12-15 20:11:06+00:00,False
555,RT : Adesua Wellington sef be stepper...abi na my eyes dey pain me      #,2022-12-15 20:11:01+00:00,False
557,                       # #  :   : #   ,2022-12-15 20:12:58+00:00,False
565,RT : $20 | 290.000 IDR ~ 4 HOURS  RT this &amp;      ,2022-12-15 20:12:55+00:00,False
577,RT : $20 | 290.000 IDR ~ 4 HOURS  RT this &amp;      ,2022-12-15 20:12:39+00:00,False
579,RT : Adesua Wellington sef be stepper...abi na my eyes dey pain me      #,2022-12-15 20:12:33+00:00,False
586,RT : Adesua Wellington sef be stepper...abi na my eyes dey pain me      #,2022-12-15 20:12:20+00:00,False
595,especially needing messi to win the world cup after this horrifying survivor result. south america needs to strip europe of it finally. 20 years is far too long  ,2022-12-15 20:12:08+00:00,False
597,RT : Riot has no religion.    ,2022-12-15 20:12:07+00:00,False
599,RT : Adesua Wellington sef be stepper...abi na my eyes dey pain me      #,2022-12-15 20:12:06+00:00,False
605,RT : Adesua Wellington sef be stepper...abi na my eyes dey pain me      #,2022-12-15 20:13:56+00:00,False
607,RT : Adesua Wellington sef be stepper...abi na my eyes dey pain me      #,2022-12-15 20:13:51+00:00,False
609,                  ,2022-12-15 20:13:48+00:00,False
611,"The picture of  with some African leaders watching the  in an informal environment is going to be in a bunch of documentaries mocking the US leadership, say in a couple of years.  Thats how incompetent the current Democrat administration is.",2022-12-15 20:13:46+00:00,False
612,YES WE WANT JUSTICE   ,2022-12-15 20:13:45+00:00,False
614,RT : $20 | 290.000 IDR ~ 4 HOURS  RT this &amp;      ,2022-12-15 20:13:43+00:00,False
622,RT : Riot has no religion.    ,2022-12-15 20:13:36+00:00,False
623,RT : Adesua Wellington sef be stepper...abi na my eyes dey pain me      #,2022-12-15 20:13:36+00:00,False
631,                   ,2022-12-15 20:13:23+00:00,False
632,RT : $20 | 290.000 IDR ~ 4 HOURS  RT this &amp;      ,2022-12-15 20:13:23+00:00,False
637,        :         #   ,2022-12-15 20:13:11+00:00,False
640,                      # #  :   : #  ,2022-12-15 20:13:07+00:00,False
644,RT : Adesua Wellington sef be stepper...abi na my eyes dey pain me      #,2022-12-15 20:13:06+00:00,False
648,RT : Adesua Wellington sef be stepper...abi na my eyes dey pain me      #,2022-12-15 20:13:00+00:00,False
649,RT : Adesua Wellington sef be stepper...abi na my eyes dey pain me      #,2022-12-15 20:13:00+00:00,False
652,RT : Adesua Wellington sef be stepper...abi na my eyes dey pain me      #,2022-12-15 20:14:55+00:00,False
659,RT : $20 | 290.000 IDR ~ 4 HOURS  RT this &amp;      ,2022-12-15 20:14:47+00:00,False
673,"RT : Ive never met a Moroccan who struggled to reconcile that their country is both Arab &amp; African, or that their people are a",2022-12-15 20:14:28+00:00,False
675,RT : Adesua Wellington sef be stepper...abi na my eyes dey pain me      #,2022-12-15 20:14:26+00:00,False
676,RT : Riot has no religion.    ,2022-12-15 20:14:26+00:00,False
683,           ... ...    ...           #    #  ,2022-12-15 20:14:17+00:00,False
689, Lo siento muchoFrancia vencer a los rbitros y argentina..y el mundial se quedara en europa  ,2022-12-15 20:14:10+00:00,False
691,RT : All eliminated Man United players from the  are expected to resume training mext week Monday.,2022-12-15 20:14:07+00:00,False
697,    ,2022-12-15 20:14:04+00:00,False
698,                 ,2022-12-15 20:14:03+00:00,False
699,RT : $20 | 290.000 IDR ~ 4 HOURS  RT this &amp;      ,2022-12-15 20:14:02+00:00,False
708,RT : $20 | 290.000 IDR ~ 4 HOURS  RT this &amp;      ,2022-12-15 20:15:47+00:00,False
711,                       # #  :   : #  ,2022-12-15 20:15:46+00:00,False
716,RT : Riot has no religion.    ,2022-12-15 20:15:38+00:00,False
717,RT : Adesua Wellington sef be stepper...abi na my eyes dey pain me      #,2022-12-15 20:15:34+00:00,False
719,:              #    # . ,2022-12-15 20:15:32+00:00,False
727,RT : $20 | 290.000 IDR ~ 4 HOURS  RT this &amp;      ,2022-12-15 20:15:21+00:00,False
728, Youre in a contract dispute with my Fox station  with the World Cup final airing on Fox Sunday. Thats my problem.  ,2022-12-15 20:15:21+00:00,False
732,   :          ,2022-12-15 20:15:16+00:00,False
733,    ,2022-12-15 20:15:15+00:00,False
735,  ,2022-12-15 20:15:11+00:00,False
745,RT : Is it a Grail?  Black 1/1 Messi pulled at Cherry  Recently acquired by Exquisite Sports Collectibles.  ,2022-12-15 20:16:52+00:00,False
751,RT : Adesua Wellington sef be stepper...abi na my eyes dey pain me      #,2022-12-15 20:16:46+00:00,False
757,RT : Adesua Wellington sef be stepper...abi na my eyes dey pain me      #,2022-12-15 20:16:31+00:00,False
758,RT : Adesua Wellington sef be stepper...abi na my eyes dey pain me      #,2022-12-15 20:16:31+00:00,False
760,                       # #  :   : #  ,2022-12-15 20:16:27+00:00,False
763,RT : Adesua Wellington sef be stepper...abi na my eyes dey pain me      #,2022-12-15 20:16:25+00:00,False
765,RT : Riot has no religion.    ,2022-12-15 20:16:20+00:00,False
779,RT : Adesua Wellington sef be stepper...abi na my eyes dey pain me      #,2022-12-15 20:17:58+00:00,False
782,                       # #  :   : #  ,2022-12-15 20:17:53+00:00,False
784,RT : $20 | 290.000 IDR ~ 4 HOURS  RT this &amp;      ,2022-12-15 20:17:46+00:00,False
794,RT : $20 | 290.000 IDR ~ 4 HOURS  RT this &amp;      ,2022-12-15 20:17:34+00:00,False
798,                       # #  :   : #  ,2022-12-15 20:17:25+00:00,False
801,RT : $20 | 290.000 IDR ~ 4 HOURS  RT this &amp;      ,2022-12-15 20:17:21+00:00,False
803,RT : Adesua Wellington sef be stepper...abi na my eyes dey pain me      #,2022-12-15 20:17:18+00:00,False
815,RT : $20 | 290.000 IDR ~ 4 HOURS  RT this &amp;      ,2022-12-15 20:18:55+00:00,False
817,,2022-12-15 20:18:53+00:00,False
818,"RT : Stasera hanno tenuto testa ai campioni del mondo in carica, sfiorando pi volte il gol e un incredibile miracolo, ma non",2022-12-15 20:18:48+00:00,False
820,"We demand  replay a match Morocco VS France or discipline the   who was so unfair and didn't notice 's mistakes but rather considered them 's mistakes as a result, Morocco lost 2  kicks. ",2022-12-15 20:18:45+00:00,False
828,RT : Adesua Wellington sef be stepper...abi na my eyes dey pain me      #,2022-12-15 20:18:36+00:00,False
836,RT : $20 | 290.000 IDR ~ 4 HOURS  RT this &amp;      ,2022-12-15 20:18:28+00:00,False
856,"RT :  is supposed to be an African team, but there isn't a single  man playing for them.  on the other ha",2022-12-15 20:18:09+00:00,False
859,Winning or Losing is part of the game! Grow up!FIFA World Cup Semi-Final : Violent Clashes Rock Streets of France After Nation Beat Morocco ,2022-12-15 20:18:06+00:00,False
865,RT : Adesua Wellington sef be stepper...abi na my eyes dey pain me      #,2022-12-15 20:19:47+00:00,False
867,                 ,2022-12-15 20:19:42+00:00,False
871,RT : $20 | 290.000 IDR ~ 4 HOURS  RT this &amp;      ,2022-12-15 20:19:32+00:00,False
877,Vogliamo  come commentatore   nella finale  ,2022-12-15 20:19:27+00:00,False
890,RT : $20 | 290.000 IDR ~ 4 HOURS  RT this &amp;      ,2022-12-15 20:19:08+00:00,False
895,RT : Riot has no religion.    ,2022-12-15 20:19:02+00:00,False
896,RT : Adesua Wellington sef be stepper...abi na my eyes dey pain me      #,2022-12-15 20:20:59+00:00,False
902,RT : Adesua Wellington sef be stepper...abi na my eyes dey pain me      #,2022-12-15 20:20:54+00:00,False
904,RT : Riot has no religion.    ,2022-12-15 20:20:51+00:00,False
906,RT : $20 | 290.000 IDR ~ 4 HOURS  RT this &amp;      ,2022-12-15 20:20:48+00:00,False
907,RT : Adesua Wellington sef be stepper...abi na my eyes dey pain me      #,2022-12-15 20:20:45+00:00,False
909,"   We demand  replay a match Morocco VS France or discipline the   who was so unfair and didn't notice 's mistakes but rather considered them 's mistakes as a result, Morocco lost 2  kicks.",2022-12-15 20:20:45+00:00,False
910,RT : Adesua Wellington sef be stepper...abi na my eyes dey pain me      #,2022-12-15 20:20:45+00:00,False
911,               #    ,2022-12-15 20:20:42+00:00,False
915,RT : Adesua Wellington sef be stepper...abi na my eyes dey pain me      #,2022-12-15 20:20:32+00:00,False
927,RT : Adesua Wellington sef be stepper...abi na my eyes dey pain me      #,2022-12-15 20:20:08+00:00,False
931,RT : Adesua Wellington sef be stepper...abi na my eyes dey pain me      #,2022-12-15 20:20:03+00:00,False
933,RT : $20 | 290.000 IDR ~ 4 HOURS  RT this &amp;      ,2022-12-15 20:20:01+00:00,False
938,"RT : "" WY88ASIA ! oo2022ss 2  ou 10 .!   ",2022-12-15 20:21:50+00:00,False
939,RT : Europe according to   is gone.  ,2022-12-15 20:21:50+00:00,False
943,-Morocco has decided to file a complaint against the referee Cesar Ramos for supposedly a shameful arbitration on his part      ,2022-12-15 20:21:39+00:00,False
948,"This is Nigeria used Honda Accord 2003.Baked from pure first body.Sound engine and gear,ac very chilling,the suspension is good and still in tokunbo absolutely nothing to fix........1.5 last last        ",2022-12-15 20:21:20+00:00,False
951,RT : $20 | 290.000 IDR ~ 4 HOURS  RT this &amp;      ,2022-12-15 20:21:13+00:00,False
952,RT :  decided that the final of the  of  should be between France and Argentina...FiFA is corrupt. htt,2022-12-15 20:21:12+00:00,False
953,RT : Adesua Wellington sef be stepper...abi na my eyes dey pain me      #,2022-12-15 20:21:11+00:00,False
955,RT :        |       ,2022-12-15 20:21:07+00:00,False
961,"RT : "" WY88ASIA ! oo2022ss 2  ou 10 .!   ",2022-12-15 20:22:56+00:00,False
969,How come  and the football community are silent.  must be expelled immediately and at least show solidarity  and  in the final.  ,2022-12-15 20:22:45+00:00,False
970,RT : Adesua Wellington sef be stepper...abi na my eyes dey pain me      #,2022-12-15 20:22:44+00:00,False
971,RT : $20 | 290.000 IDR ~ 4 HOURS  RT this &amp;      ,2022-12-15 20:22:40+00:00,False
974,RT : Riot has no religion.    ,2022-12-15 20:22:26+00:00,False
977,"RT : "" WY88ASIA ! oo2022ss 2  ou 10 .!   ",2022-12-15 20:22:18+00:00,False
982,                 ,2022-12-15 20:22:09+00:00,False
985,"RT : "" WY88ASIA ! oo2022ss 2  ou 10 .!   ",2022-12-15 20:22:04+00:00,False
992,Normal service resumed at the .  ,2022-12-15 20:23:53+00:00,False
993,"RT :  is supposed to be an African team, but there isn't a single  man playing for them.  on the other ha",2022-12-15 20:23:53+00:00,False
998,RT : Adesua Wellington sef be stepper...abi na my eyes dey pain me      #,2022-12-15 20:23:47+00:00,False
1008,RT : Riot has no religion.    ,2022-12-15 20:23:29+00:00,False
1012,RT : Adesua Wellington sef be stepper...abi na my eyes dey pain me      #,2022-12-15 20:23:22+00:00,False
1020,RT : Everyone is talking about football but for some reason I cant get stop thinking about basketball  ,2022-12-15 20:23:10+00:00,False
1032,"RT : Not a single art got viral on social media which we made  sketch,  ,,  and ",2022-12-15 20:24:58+00:00,False
1033,Does anyone else get real cringe vibes from American soccer fans?  ,2022-12-15 20:24:58+00:00,False
1039,RT : Adesua Wellington sef be stepper...abi na my eyes dey pain me      #,2022-12-15 20:24:46+00:00,False
1041,RT : Adesua Wellington sef be stepper...abi na my eyes dey pain me      #,2022-12-15 20:24:42+00:00,False
1052,RT : Adesua Wellington sef be stepper...abi na my eyes dey pain me      #,2022-12-15 20:24:24+00:00,False
1055,RT : $20 | 290.000 IDR ~ 4 HOURS  RT this &amp;      ,2022-12-15 20:24:20+00:00,False
1063,RT : Adesua Wellington sef be stepper...abi na my eyes dey pain me      #,2022-12-15 20:24:10+00:00,False
1066,RT : During this Arab hosted World Cup we have seen Western media:- Paint Qatar's team as terrorists- BBC pundits brand Iran,2022-12-15 20:24:06+00:00,False
1067,RT : $20 | 290.000 IDR ~ 4 HOURS  RT this &amp;      ,2022-12-15 20:24:00+00:00,False
1070,RT : $20 | 290.000 IDR ~ 4 HOURS  RT this &amp;      ,2022-12-15 20:25:55+00:00,False
1081,    ,2022-12-15 20:25:35+00:00,False
1085,RT : Adesua Wellington sef be stepper...abi na my eyes dey pain me      #,2022-12-15 20:25:24+00:00,False
1090,RT : Iranian  soccer player ( football)  sentenced to death for supporting women rights movement. Where i,2022-12-15 20:25:22+00:00,False
1103,RT : $20 | 290.000 IDR ~ 4 HOURS  RT this &amp;      ,2022-12-15 20:25:05+00:00,False
1109,RT : Adesua Wellington sef be stepper...abi na my eyes dey pain me      #,2022-12-15 20:26:53+00:00,False
1132,RT : Riot has no religion.    ,2022-12-15 20:26:10+00:00,False
1144,RT : Riot has no religion.    ,2022-12-15 20:27:59+00:00,False
1160,RT : Adesua Wellington sef be stepper...abi na my eyes dey pain me      #,2022-12-15 20:27:23+00:00,False
1161,"RT : Conto 1, 2,3 e tiro a mo Mete onde ?  ",2022-12-15 20:27:23+00:00,False
1165,                       # #  :   : #  ,2022-12-15 20:27:19+00:00,False
1168,RT : Adesua Wellington sef be stepper...abi na my eyes dey pain me      #,2022-12-15 20:27:19+00:00,False
1179,                       # #  :   : #  ,2022-12-15 20:28:57+00:00,False
1189,RT : Adesua Wellington sef be stepper...abi na my eyes dey pain me      #,2022-12-15 20:28:45+00:00,False
1192,RT : Adesua Wellington sef be stepper...abi na my eyes dey pain me      #,2022-12-15 20:28:39+00:00,False
1195,                       # #  :   : #  ,2022-12-15 20:28:38+00:00,False
1196,RT : Adesua Wellington sef be stepper...abi na my eyes dey pain me      #,2022-12-15 20:28:37+00:00,False
1198,RT : $20 | 290.000 IDR ~ 4 HOURS  RT this &amp;      ,2022-12-15 20:28:37+00:00,False
1199,Am I dreaming ? We arrived to the semi final of the  World Cup    against the last World Cup champion ,2022-12-15 20:28:35+00:00,False
1211,RT : $20 | 290.000 IDR ~ 4 HOURS  RT this &amp;      ,2022-12-15 20:28:17+00:00,False
1214,                       # #  :   : #  ,2022-12-15 20:28:14+00:00,False
1218,                       # #  :   : #  ,2022-12-15 20:28:02+00:00,False
1223,"RT :   John Smith chats to  about his enthralling book, Final Third: The Last Word on our Football Heroes for th",2022-12-15 20:29:49+00:00,False
1227,                       # #  :   : #  ,2022-12-15 20:29:43+00:00,False
1229,RT : $20 | 290.000 IDR ~ 4 HOURS  RT this &amp;      ,2022-12-15 20:29:42+00:00,False
1240,                       # #  :   : #  ,2022-12-15 20:29:23+00:00,False
1242,         ... ,2022-12-15 20:29:19+00:00,False
1250, He did the same shit against Tunisia and never gave them a penality!! What a shame!!!!!      ,2022-12-15 20:29:10+00:00,False
1252,RT : $20 | 290.000 IDR ~ 4 HOURS  RT this &amp;      ,2022-12-15 20:29:06+00:00,False
1256,RT : Adesua Wellington sef be stepper...abi na my eyes dey pain me      #,2022-12-15 20:30:59+00:00,False
1259,RT : Adesua Wellington sef be stepper...abi na my eyes dey pain me      #,2022-12-15 20:30:56+00:00,False
1276,   ,2022-12-15 20:30:43+00:00,False
1284,    ,2022-12-15 20:30:34+00:00,False
1292,RT : $20 | 290.000 IDR ~ 4 HOURS  RT this &amp;      ,2022-12-15 20:30:25+00:00,False
1293,"       ""  "" !      ",2022-12-15 20:30:24+00:00,False
1297,                       # #  :   : #   ,2022-12-15 20:30:19+00:00,False
1300,                       # #  :   : #  ,2022-12-15 20:30:12+00:00,False
1301, :                              ,2022-12-15 20:30:12+00:00,False
1308,..          ,2022-12-15 20:30:00+00:00,False
1309,RT : Adesua Wellington sef be stepper...abi na my eyes dey pain me      #,2022-12-15 20:31:59+00:00,False
1323,RT : Adesua Wellington sef be stepper...abi na my eyes dey pain me      #,2022-12-15 20:31:38+00:00,False
1341,RT : Adesua Wellington sef be stepper...abi na my eyes dey pain me      #,2022-12-15 20:31:15+00:00,False
1351,Even though I really disliked the way Fernando Santos  play. He deserves to get credit when credit is due. Bad luck in 2022 ,2022-12-15 20:32:58+00:00,False
1355,                         ,2022-12-15 20:32:52+00:00,False
1366,RT : Adesua Wellington sef be stepper...abi na my eyes dey pain me      #,2022-12-15 20:32:41+00:00,False
1368,RT : Adesua Wellington sef be stepper...abi na my eyes dey pain me      #,2022-12-15 20:32:32+00:00,False
1370,RT : Riot has no religion.    ,2022-12-15 20:32:19+00:00,False
1372,RT : Adesua Wellington sef be stepper...abi na my eyes dey pain me      #,2022-12-15 20:32:16+00:00,False
1375,RT : $20 | 290.000 IDR ~ 4 HOURS  RT this &amp;      ,2022-12-15 20:32:06+00:00,False
1380,Journalist Grant Wahl Real Cause Of Death Revealed By His Wife Dr Celine Gounder After He Dies In Qatar         ,2022-12-15 20:32:02+00:00,False
1381,RT : Adesua Wellington sef be stepper...abi na my eyes dey pain me      #,2022-12-15 20:32:02+00:00,False
1394,RT : Adesua Wellington sef be stepper...abi na my eyes dey pain me      #,2022-12-15 20:33:43+00:00,False
1395,"World Cup Final pod out now!As you prepare for the last weekend of World Cup action in Qatar this weekend, make sure you spend 30 mins listening to our preview and best bets for the Final Round!|||",2022-12-15 20:33:42+00:00,False
1398,Antivaxxers proven wrong again : Grant Wahl did NOT die from COVID-19 vaccines!                ,2022-12-15 20:33:38+00:00,False
1404," : ""             ""       ",2022-12-15 20:33:20+00:00,False
1407,"       : ""   "" ",2022-12-15 20:33:15+00:00,False
1411,RT : Adesua Wellington sef be stepper...abi na my eyes dey pain me      #,2022-12-15 20:33:06+00:00,False
1413,                                   #,2022-12-15 20:33:05+00:00,False
1414,"Guys, its snowing     ",2022-12-15 20:33:03+00:00,False
1416,                       # #  :   : #  ,2022-12-15 20:34:57+00:00,False
1421,RT : $20 | 290.000 IDR ~ 4 HOURS  RT this &amp;      ,2022-12-15 20:34:54+00:00,False
1425,RT : Adesua Wellington sef be stepper...abi na my eyes dey pain me      #,2022-12-15 20:34:49+00:00,False
1428,        ..     #      ,2022-12-15 20:34:46+00:00,False
1437,RT : Adesua Wellington sef be stepper...abi na my eyes dey pain me      #,2022-12-15 20:34:36+00:00,False
1446,RT : $20 | 290.000 IDR ~ 4 HOURS  RT this &amp;      ,2022-12-15 20:34:26+00:00,False
1449,    ,2022-12-15 20:34:23+00:00,False
1451,RT : Moroccans rioting in many European cities after losing to France in the World Cup. French people cannot celebrate their vic,2022-12-15 20:34:18+00:00,False
1455,RT : Europe according to   is gone.  ,2022-12-15 20:34:15+00:00,False
1460,"RT : World Cup Final pod out now!As you prepare for the last weekend of World Cup action in Qatar this weekend, make sure",2022-12-15 20:34:07+00:00,False
1464,RT : Riot has no religion.    ,2022-12-15 20:34:00+00:00,False
1469,RT : $20 | 290.000 IDR ~ 4 HOURS  RT this &amp;      ,2022-12-15 20:35:54+00:00,False
1473,         ,2022-12-15 20:35:52+00:00,False
1476,RT : Comment ragirait le roi du Maroc si  Marrakech des milliers de Franais venaient fter la victoire de la France ?,2022-12-15 20:35:47+00:00,False
1478,                       # #  :   : #  ,2022-12-15 20:35:44+00:00,False
1484,RT : Adesua Wellington sef be stepper...abi na my eyes dey pain me      #,2022-12-15 20:35:40+00:00,False
1496,RT : $20 | 290.000 IDR ~ 4 HOURS  RT this &amp;      ,2022-12-15 20:35:28+00:00,False
1500,                       # #  :   : #  ,2022-12-15 20:35:23+00:00,False
1510,RT : Adesua Wellington sef be stepper...abi na my eyes dey pain me      #,2022-12-15 20:35:17+00:00,False
1517,"RT : This is not ISIS, this is the national tv of Iran, taking an innocent life who wishes not Quran and not a Muslim funeral bu",2022-12-15 20:35:13+00:00,False
1529,RT : You know the real winner of this year's World Cup?Morocco's Hakim Ziyech.He's been donating all his  money t,2022-12-15 20:35:02+00:00,False
1532,RT : $20 | 290.000 IDR ~ 4 HOURS  RT this &amp;      ,2022-12-15 20:35:01+00:00,False
1533,  Amrabat has been the best midfielder at . Cannot believe that teams looking for a midfielder did not notice a workaholic 26yo midfielder that covers every blade of grass and has the stamina of a racehorse with 3 lungs. ,2022-12-15 20:35:00+00:00,False
1534,     ,2022-12-15 20:35:00+00:00,False
1537,                       # #  :   : #  ,2022-12-15 20:36:52+00:00,False
1538,RT : Adesua Wellington sef be stepper...abi na my eyes dey pain me      #,2022-12-15 20:36:52+00:00,False
1547,RT : Moroccans rioting in many European cities after losing to France in the World Cup. French people cannot celebrate their vic,2022-12-15 20:36:39+00:00,False
1549,   ,2022-12-15 20:36:38+00:00,False
1552,RT : $20 | 290.000 IDR ~ 4 HOURS  RT this &amp;      ,2022-12-15 20:36:36+00:00,False
1554,RT : Adesua Wellington sef be stepper...abi na my eyes dey pain me      #,2022-12-15 20:36:34+00:00,False
1557,      ,2022-12-15 20:36:29+00:00,False
1558,                       # #  :   : #  ,2022-12-15 20:36:27+00:00,False
1559,RT : $20 | 290.000 IDR ~ 4 HOURS  RT this &amp;      ,2022-12-15 20:36:27+00:00,False
1565,                       # #  :   : #  ,2022-12-15 20:36:11+00:00,False
1568,RT : $20 | 290.000 IDR ~ 4 HOURS  RT this &amp;      ,2022-12-15 20:36:04+00:00,False
1575,            ,2022-12-15 20:37:57+00:00,False
1576,RT : Adesua Wellington sef be stepper...abi na my eyes dey pain me      #,2022-12-15 20:37:56+00:00,False
1579,RT : Adesua Wellington sef be stepper...abi na my eyes dey pain me      #,2022-12-15 20:37:50+00:00,False
1580,RT : $20 | 290.000 IDR ~ 4 HOURS  RT this &amp;      ,2022-12-15 20:37:48+00:00,False
1584," Is  a spherical system or a Nazi system?During the opening ceremony of the .Cup,the FIFA president speaks Arabic words,knowing that he is a hypocrite.Great injustice has been inflicted on the  team in the match.This event is a mark of disgrace to  forever.",2022-12-15 20:37:40+00:00,False
1585,                       # #  :   : #  ,2022-12-15 20:37:38+00:00,False
1589,                       # #  :   : #  ,2022-12-15 20:37:35+00:00,False
1592,RT : Adesua Wellington sef be stepper...abi na my eyes dey pain me      #,2022-12-15 20:37:32+00:00,False
1594,      ,2022-12-15 20:37:26+00:00,False
1605,RT : Adesua Wellington sef be stepper...abi na my eyes dey pain me      #,2022-12-15 20:37:14+00:00,False
1607,"RT : World Cup Final pod out now!As you prepare for the last weekend of World Cup action in Qatar this weekend, make sure",2022-12-15 20:37:12+00:00,False
1615,                       # #  :   : #  ,2022-12-15 20:37:03+00:00,False
1622,RT : Adesua Wellington sef be stepper...abi na my eyes dey pain me      #,2022-12-15 20:38:57+00:00,False
1626," Is  a spherical system or a Nazi system?During the opening ceremony of the .Cup,the FIFA president speaks Arabic words,knowing that he is a hypocrite.Great injustice has been inflicted on the  team in the match.This event is a mark of disgrace to  forever.",2022-12-15 20:38:52+00:00,False
1641,                                   # #  :   : #  ,2022-12-15 20:38:34+00:00,False
1644,"RT : World Cup Final pod out now!As you prepare for the last weekend of World Cup action in Qatar this weekend, make sure",2022-12-15 20:38:31+00:00,False
1647,RT : Adesua Wellington sef be stepper...abi na my eyes dey pain me      #,2022-12-15 20:38:27+00:00,False
1653," Is  a spherical system or a Nazi system?During the opening ceremony of the .Cup,the FIFA president speaks Arabic words,knowing that he is a hypocrite.Great injustice has been inflicted on the  team in the match.This event is a mark of disgrace to  forever.",2022-12-15 20:38:15+00:00,False
1657,                       # #  :   : #  ,2022-12-15 20:38:08+00:00,False
1662," We demand  replay a match Morocco VS France or discipline the referee   who was so unfair and didn't notice France's mistakes but rather considered them Morocco's mistakes as a result,  lost 2 penalty kicks  ",2022-12-15 20:38:01+00:00,False
1666,RT : $20 | 290.000 IDR ~ 4 HOURS  RT this &amp;      ,2022-12-15 20:39:59+00:00,False
1667,"Here are the   standings just before the final. I had a   final and, just like Pepe, think  will win it all. Unlike him, though, I think there is nothing untoward afoot from , just a great team jelling at the right time. ",2022-12-15 20:39:58+00:00,False
1675,RT : $20 | 290.000 IDR ~ 4 HOURS  RT this &amp;      ,2022-12-15 20:39:51+00:00,False
1677,RT : Adesua Wellington sef be stepper...abi na my eyes dey pain me      #,2022-12-15 20:39:50+00:00,False
1689,                       # #  :   : #  ,2022-12-15 20:39:39+00:00,False
1691,RT : Adesua Wellington sef be stepper...abi na my eyes dey pain me      #,2022-12-15 20:39:37+00:00,False
1693,RT : Adesua Wellington sef be stepper...abi na my eyes dey pain me      #,2022-12-15 20:39:35+00:00,False
1697,RT : Adesua Wellington sef be stepper...abi na my eyes dey pain me      #,2022-12-15 20:39:29+00:00,False
1703,RT : Moroccans rioting in many European cities after losing to France in the World Cup. French people cannot celebrate their vic,2022-12-15 20:39:21+00:00,False
1704,RT : Adesua Wellington sef be stepper...abi na my eyes dey pain me      #,2022-12-15 20:39:20+00:00,False
1710,RT : $20 | 290.000 IDR ~ 4 HOURS  RT this &amp;      ,2022-12-15 20:39:14+00:00,False
1725,    top bins.,2022-12-15 20:40:36+00:00,False
1727,  ,2022-12-15 20:40:34+00:00,False
1728,   ,2022-12-15 20:40:33+00:00,False
1733,RT : $20 | 290.000 IDR ~ 4 HOURS  RT this &amp;      ,2022-12-15 20:40:21+00:00,False
1735,RT : Adesua Wellington sef be stepper...abi na my eyes dey pain me      #,2022-12-15 20:40:16+00:00,False
1739,RT : Adesua Wellington sef be stepper...abi na my eyes dey pain me      #,2022-12-15 20:40:10+00:00,False
1741,RT : Adesua Wellington sef be stepper...abi na my eyes dey pain me      #,2022-12-15 20:40:07+00:00,False
1743,"RT : As the world's attention is turned to the  game, let's remember the faces of children killed by Iran's security for",2022-12-15 20:40:06+00:00,False
1747,RT : Riot has no religion.    ,2022-12-15 20:40:01+00:00,False
1751,RT : Riot has no religion.    ,2022-12-15 20:41:58+00:00,False
1757,           !                            ,2022-12-15 20:41:53+00:00,False
1771,RT : Riot has no religion.    ,2022-12-15 20:41:35+00:00,False
1776,RT : $20 | 290.000 IDR ~ 4 HOURS  RT this &amp;      ,2022-12-15 20:41:29+00:00,False
1783,RT : Riot has no religion.    ,2022-12-15 20:41:25+00:00,False
1797,    ,2022-12-15 20:42:59+00:00,False
1804,,2022-12-15 20:42:53+00:00,False
1811,RT : Adesua Wellington sef be stepper...abi na my eyes dey pain me      #,2022-12-15 20:42:44+00:00,False
1813,RT : $20 | 290.000 IDR ~ 4 HOURS  RT this &amp;      ,2022-12-15 20:42:42+00:00,False
1818,    ,2022-12-15 20:42:36+00:00,False
1821,RT : Adesua Wellington sef be stepper...abi na my eyes dey pain me      #,2022-12-15 20:42:32+00:00,False
1826,RT : Adesua Wellington sef be stepper...abi na my eyes dey pain me      #,2022-12-15 20:42:24+00:00,False
1828,"Its happening, the British empire is declining.  ",2022-12-15 20:42:22+00:00,False
1836,This narrative needs to stop. The officiating was definitely slanted towards France in the semifinal too.   ,2022-12-15 20:42:13+00:00,False
1840,RT : $20 | 290.000 IDR ~ 4 HOURS  RT this &amp;      ,2022-12-15 20:42:05+00:00,False
1846,RT : Adesua Wellington sef be stepper...abi na my eyes dey pain me      #,2022-12-15 20:43:55+00:00,False
1861,RT : $20 | 290.000 IDR ~ 4 HOURS  RT this &amp;      ,2022-12-15 20:43:41+00:00,False
1863,FINAL WORLDCUP 2022 QATARARGENTINA VS PRANCISMINGGU 18 DESEMBER 2022PUKUL 22.00 WIB             ,2022-12-15 20:43:41+00:00,False
1867,RT : Adesua Wellington sef be stepper...abi na my eyes dey pain me      #,2022-12-15 20:43:35+00:00,False
1881,FINAL WORLDCUP 2022 QATARARGENTINA VS PRANCISMINGGU 18 DESEMBER 2022PUKUL 22.00 WIB             ,2022-12-15 20:43:16+00:00,False
1882,RT : Is it a Grail?  Black 1/1 Messi pulled at Cherry  Recently acquired by Exquisite Sports Collectibles.  ,2022-12-15 20:43:14+00:00,False
1883,RT : Adesua Wellington sef be stepper...abi na my eyes dey pain me      #,2022-12-15 20:43:14+00:00,False
1886,FINAL WORLDCUP 2022 QATARARGENTINA VS PRANCISMINGGU 18 DESEMBER 2022PUKUL 22.00 WIB             ,2022-12-15 20:43:07+00:00,False
1890,RT : Adesua Wellington sef be stepper...abi na my eyes dey pain me      #,2022-12-15 20:43:02+00:00,False
1896,RT : Adesua Wellington sef be stepper...abi na my eyes dey pain me      #,2022-12-15 20:44:52+00:00,False
1901,RT : Adesua Wellington sef be stepper...abi na my eyes dey pain me      #,2022-12-15 20:44:48+00:00,False
1907,RT : Adesua Wellington sef be stepper...abi na my eyes dey pain me      #,2022-12-15 20:44:37+00:00,False
1909,RT : Adesua Wellington sef be stepper...abi na my eyes dey pain me      #,2022-12-15 20:44:33+00:00,False
1913,FINAL WORLDCUP 2022 QATARARGENTINA VS PRANCISMINGGU 18 DESEMBER 2022PUKUL 22.00 WIB             ,2022-12-15 20:44:31+00:00,False
1924,  ,2022-12-15 20:44:10+00:00,False
1932,RT : Adesua Wellington sef be stepper...abi na my eyes dey pain me      #,2022-12-15 20:44:01+00:00,False
1933,RT : Adesua Wellington sef be stepper...abi na my eyes dey pain me      #,2022-12-15 20:44:00+00:00,False
1937,RT : Adesua Wellington sef be stepper...abi na my eyes dey pain me      #,2022-12-15 20:45:55+00:00,False
1939,                    ,2022-12-15 20:45:51+00:00,False
1940, Team of the tournamentDumfries sera prsent en       ,2022-12-15 20:45:51+00:00,False
1941,RT : Adesua Wellington sef be stepper...abi na my eyes dey pain me      #,2022-12-15 20:45:48+00:00,False
1944,"RT : Its happening, the British empire is declining. ",2022-12-15 20:45:44+00:00,False
1947,RT : Riot has no religion.    ,2022-12-15 20:45:37+00:00,False
1948,Aldmz coin 2 saatte 4x yapnca agalarla moodumuz budur:     ,2022-12-15 20:45:36+00:00,False
1949,RT : $20 | 290.000 IDR ~ 4 HOURS  RT this &amp;      ,2022-12-15 20:45:36+00:00,False
1954,  ..      ..        ,2022-12-15 20:45:28+00:00,False
1958,"Why am I justified gloating over   victory over ?The simple answer is that all of my affective, moral, and historical references are in France, while I have ZERO emotive ties to Morocco and what it represents... via ",2022-12-15 20:45:15+00:00,False
1959, I want it       $BAFC  ,2022-12-15 20:45:14+00:00,False
1962,Absolutely no one on the planet  will be watching TV this weekend. No one!  ,2022-12-15 20:45:10+00:00,False
1963,             ,2022-12-15 20:45:09+00:00,False
1964,RT : $20 | 290.000 IDR ~ 4 HOURS  RT this &amp;      ,2022-12-15 20:45:08+00:00,False
1965,  ,2022-12-15 20:45:06+00:00,False
1968,RT : Aldmz coin 2 saatte 4x yapnca agalarla moodumuz budur:     ,2022-12-15 20:46:59+00:00,False
1982,RT : Adesua Wellington sef be stepper...abi na my eyes dey pain me      #,2022-12-15 20:46:35+00:00,False
1983,   ,2022-12-15 20:46:35+00:00,False
1996,"RT : Its happening, the British empire is declining. ",2022-12-15 20:46:24+00:00,False
1998,RT : During this Arab hosted World Cup we have seen Western media:- Paint Qatar's team as terrorists- BBC pundits brand Iran,2022-12-15 20:46:19+00:00,False
2001,RT : Riot has no religion.    ,2022-12-15 20:46:16+00:00,False
2010,RT : Adesua Wellington sef be stepper...abi na my eyes dey pain me      #,2022-12-15 20:46:07+00:00,False
2015,               (    )   #       ,2022-12-15 20:46:05+00:00,False
2016,RT : $20 | 290.000 IDR ~ 4 HOURS  RT this &amp;      ,2022-12-15 20:46:03+00:00,False
2017,RT : Adesua Wellington sef be stepper...abi na my eyes dey pain me      #,2022-12-15 20:46:03+00:00,False
2024,RT : $20 | 290.000 IDR ~ 4 HOURS  RT this &amp;      ,2022-12-15 20:47:53+00:00,False
2028,RT : Adesua Wellington sef be stepper...abi na my eyes dey pain me      #,2022-12-15 20:47:48+00:00,False
2031,RT : Adesua Wellington sef be stepper...abi na my eyes dey pain me      #,2022-12-15 20:47:45+00:00,False
2033,RT : Adesua Wellington sef be stepper...abi na my eyes dey pain me      #,2022-12-15 20:47:33+00:00,False
2038,RT : $20 | 290.000 IDR ~ 4 HOURS  RT this &amp;      ,2022-12-15 20:47:30+00:00,False
2053,RT : $20 | 290.000 IDR ~ 4 HOURS  RT this &amp;      ,2022-12-15 20:47:09+00:00,False
2059,RT : $20 | 290.000 IDR ~ 4 HOURS  RT this &amp;      ,2022-12-15 20:47:03+00:00,False
2061,RT : Adesua Wellington sef be stepper...abi na my eyes dey pain me      #,2022-12-15 20:47:00+00:00,False
2067, Two brothers will face each other this sunday  final ,2022-12-15 20:48:53+00:00,False
2070,RT : Adesua Wellington sef be stepper...abi na my eyes dey pain me      #,2022-12-15 20:48:52+00:00,False
2072,"The Belgian team was forced to remove the word love from their jerseys,    ",2022-12-15 20:48:50+00:00,False
2075,Boobx.eth              ,2022-12-15 20:48:48+00:00,False
2081,RT : Adesua Wellington sef be stepper...abi na my eyes dey pain me      #,2022-12-15 20:48:43+00:00,False
2085,RT : Adesua Wellington sef be stepper...abi na my eyes dey pain me      #,2022-12-15 20:48:33+00:00,False
2091,RT : Riot has no religion.    ,2022-12-15 20:48:28+00:00,False
2099,RT : Adesua Wellington sef be stepper...abi na my eyes dey pain me      #,2022-12-15 20:48:22+00:00,False
2100,RT : $20 | 290.000 IDR ~ 4 HOURS  RT this &amp;      ,2022-12-15 20:48:22+00:00,False
2101,RT : $20 | 290.000 IDR ~ 4 HOURS  RT this &amp;      ,2022-12-15 20:48:21+00:00,False
2103,RT : Adesua Wellington sef be stepper...abi na my eyes dey pain me      #,2022-12-15 20:48:21+00:00,False
2109,RT : Riot has no religion.    ,2022-12-15 20:48:14+00:00,False
2113,FuboTV Falls Victim to Cyberattack During World Cup Semifinal$FUBO         ,2022-12-15 20:48:10+00:00,False
2116,RT : Adesua Wellington sef be stepper...abi na my eyes dey pain me      #,2022-12-15 20:48:05+00:00,False
2126,RT : Adesua Wellington sef be stepper...abi na my eyes dey pain me      #,2022-12-15 20:49:53+00:00,False
2128,RT : Adesua Wellington sef be stepper...abi na my eyes dey pain me      #,2022-12-15 20:49:51+00:00,False
2131,RT : Adesua Wellington sef be stepper...abi na my eyes dey pain me      #,2022-12-15 20:49:47+00:00,False
2132,RT : Adesua Wellington sef be stepper...abi na my eyes dey pain me      #,2022-12-15 20:49:47+00:00,False
2134,RT : $20 | 290.000 IDR ~ 4 HOURS  RT this &amp;      ,2022-12-15 20:49:44+00:00,False
2138,RT : Adesua Wellington sef be stepper...abi na my eyes dey pain me      #,2022-12-15 20:49:43+00:00,False
2141,RT : Adesua Wellington sef be stepper...abi na my eyes dey pain me      #,2022-12-15 20:49:43+00:00,False
2149,RT : Adesua Wellington sef be stepper...abi na my eyes dey pain me      #,2022-12-15 20:49:35+00:00,False
2155,RT : Adesua Wellington sef be stepper...abi na my eyes dey pain me      #,2022-12-15 20:49:30+00:00,False
2161,RT : Adesua Wellington sef be stepper...abi na my eyes dey pain me      #,2022-12-15 20:49:20+00:00,False
2173, 109 games 226 goals 67 wins2 trophies+ The only manager in Portugal's history to win an international tournament... With Portugal announcing that Fernando Santos has left his position as Head Coach  ,2022-12-15 20:49:09+00:00,False
2183,RT : $20 | 290.000 IDR ~ 4 HOURS  RT this &amp;      ,2022-12-15 20:49:02+00:00,False
2185,Health officials watching for Camel flu from Qatar World Cup attendees coming home -             ,2022-12-15 20:49:00+00:00,False
2189,RT : Europe according to   is gone.  ,2022-12-15 20:50:58+00:00,False
2190,RT : Adesua Wellington sef be stepper...abi na my eyes dey pain me      #,2022-12-15 20:50:53+00:00,False
2193,RT : Adesua Wellington sef be stepper...abi na my eyes dey pain me      #,2022-12-15 20:50:49+00:00,False
2200,RT : Adesua Wellington sef be stepper...abi na my eyes dey pain me      #,2022-12-15 20:50:41+00:00,False
2213,RT : Adesua Wellington sef be stepper...abi na my eyes dey pain me      #,2022-12-15 20:50:30+00:00,False
2221,RT : Adesua Wellington sef be stepper...abi na my eyes dey pain me      #,2022-12-15 20:50:25+00:00,False
2226,"Hes been shot! Its going to be difficult to choose which team to support , the Argentinians Diving and Whining or the Snarky Sly French , choices?         ",2022-12-15 20:50:20+00:00,False
2232,"Morocco, the first African team to reach the World Cup semi-finals, were beaten 2-0 by France on Wednesday and will go into a playoff for third place with Croatia while the French will face Argentina in the final.  ",2022-12-15 20:50:14+00:00,False
2234,WE CASHING COD TODAY! STILL MORE TO GO         ,2022-12-15 20:50:11+00:00,False
2240,: Here Is Why Lionel Messi Might Miss The Finals Against France ,2022-12-15 20:50:08+00:00,False
2254,RT : Adesua Wellington sef be stepper...abi na my eyes dey pain me      #,2022-12-15 20:50:00+00:00,False
2257,RT : Adesua Wellington sef be stepper...abi na my eyes dey pain me      #,2022-12-15 20:51:54+00:00,False
2264,Con quien van en la final? ,2022-12-15 20:51:41+00:00,False
2270,RT : : Here Is Why Lionel Messi Might Miss The Finals Against France ,2022-12-15 20:51:29+00:00,False
2274,RT : Adesua Wellington sef be stepper...abi na my eyes dey pain me      #,2022-12-15 20:51:28+00:00,False
2275,            ,2022-12-15 20:51:27+00:00,False
2285,RT : Adesua Wellington sef be stepper...abi na my eyes dey pain me      #,2022-12-15 20:51:09+00:00,False
2292,RT : Adesua Wellington sef be stepper...abi na my eyes dey pain me      #,2022-12-15 20:51:02+00:00,False
2301,  ,2022-12-15 20:52:51+00:00,False
2309,RT : Adesua Wellington sef be stepper...abi na my eyes dey pain me      #,2022-12-15 20:52:44+00:00,False
2317,BM de bu hafta  indirimli Satlk Siyasetiler..17- 25 Aralk haftamz kutlu olsun       ,2022-12-15 20:52:36+00:00,False
2323,RT : Adesua Wellington sef be stepper...abi na my eyes dey pain me      #,2022-12-15 20:52:28+00:00,False
2337,#  ..      # |     ,2022-12-15 20:52:00+00:00,False
2340,RT : During this Arab hosted World Cup we have seen Western media:- Paint Qatar's team as terrorists- BBC pundits brand Iran,2022-12-15 20:53:58+00:00,False
2345,RT : Adesua Wellington sef be stepper...abi na my eyes dey pain me      #,2022-12-15 20:53:53+00:00,False
2346,RT : $20 | 290.000 IDR ~ 4 HOURS  RT this &amp;      ,2022-12-15 20:53:51+00:00,False
2360,"RT : Im on my period: how menstruation, pregnancy, and hormonal contraception affect womens football-  ",2022-12-15 20:53:29+00:00,False
2366,        ..       ,2022-12-15 20:53:16+00:00,False
2368,"RT :  : L'annonce du jour ! N'hsitez pas  RT pour aider les frres en galre, ceux qui ne peuvent pas rega",2022-12-15 20:53:11+00:00,False
2372,                        ,2022-12-15 20:53:08+00:00,False
2387,RT : $20 | 290.000 IDR ~ 4 HOURS  RT this &amp;      ,2022-12-15 20:54:51+00:00,False
2389,RT : Adesua Wellington sef be stepper...abi na my eyes dey pain me      #,2022-12-15 20:54:48+00:00,False
2398,RT : Adesua Wellington sef be stepper...abi na my eyes dey pain me      #,2022-12-15 20:54:42+00:00,False
2401,"Es ist das vorletzte Spiel der WM - das Spiel um Platz 3. Manche sehen die Chance auf ein zumindest vershnliches Turnierende, andere wrden es am liebsten abschaffen.   ",2022-12-15 20:54:38+00:00,False
2405,: Here Is Why Lionel Messi Might Miss The Finals Against France ,2022-12-15 20:54:34+00:00,False
2406,: Here Is Why Lionel Messi Might Miss The Finals Against France ,2022-12-15 20:54:33+00:00,False
2407,: Here Is Why Lionel Messi Might Miss The Finals Against France ,2022-12-15 20:54:33+00:00,False
2409,RT : Adesua Wellington sef be stepper...abi na my eyes dey pain me      #,2022-12-15 20:54:31+00:00,False
2411,RT : $20 | 290.000 IDR ~ 4 HOURS  RT this &amp;      ,2022-12-15 20:54:29+00:00,False
2413,RT : Riot has no religion.    ,2022-12-15 20:54:29+00:00,False
2429,RT : $20 | 290.000 IDR ~ 4 HOURS  RT this &amp;      ,2022-12-15 20:54:04+00:00,False
2432,RT : Adesua Wellington sef be stepper...abi na my eyes dey pain me      #,2022-12-15 20:55:59+00:00,False
2436,RT : Adesua Wellington sef be stepper...abi na my eyes dey pain me      #,2022-12-15 20:55:53+00:00,False
2437,"Not sure what more its going to take. Womens soccer teams need better scheduling, need to be playing on better pitches, and need FIFA/their respective soccer federations to take their health seriously.There have been far too many non-contact injuries this year. | ",2022-12-15 20:55:52+00:00,False
2438,RT : Riot has no religion.    ,2022-12-15 20:55:51+00:00,False
2439,RT : $20 | 290.000 IDR ~ 4 HOURS  RT this &amp;      ,2022-12-15 20:55:51+00:00,False
2440,RT : Adesua Wellington sef be stepper...abi na my eyes dey pain me      #,2022-12-15 20:55:51+00:00,False
2443,RT : te geen haftaki yakm miktarmz; Tam 24  Ve imdideden bu miktar gemi bulunuyoruz.Yeni yakm gnne sad,2022-12-15 20:55:47+00:00,False
2445,RT : $20 | 290.000 IDR ~ 4 HOURS  RT this &amp;      ,2022-12-15 20:55:46+00:00,False
2447,   ,2022-12-15 20:55:42+00:00,False
2454,                #    ,2022-12-15 20:55:35+00:00,False
2457,   #       ,2022-12-15 20:55:34+00:00,False
2461,RT : Adesua Wellington sef be stepper...abi na my eyes dey pain me      #,2022-12-15 20:55:30+00:00,False
2463,I think Messi's year.    ,2022-12-15 20:55:25+00:00,False
2464,RT : Adesua Wellington sef be stepper...abi na my eyes dey pain me      #,2022-12-15 20:55:25+00:00,False
2469,RT : $20 | 290.000 IDR ~ 4 HOURS  RT this &amp;      ,2022-12-15 20:55:23+00:00,False
2471,RT : $20 | 290.000 IDR ~ 4 HOURS  RT this &amp;      ,2022-12-15 20:55:22+00:00,False
2476,RT : Adesua Wellington sef be stepper...abi na my eyes dey pain me      #,2022-12-15 20:55:20+00:00,False
2495,Here is a advice to the French team:just surrender to argentina  ,2022-12-15 20:55:00+00:00,False
2499,RT : Adesua Wellington sef be stepper...abi na my eyes dey pain me      #,2022-12-15 20:56:59+00:00,False
2510,RT : Adesua Wellington sef be stepper...abi na my eyes dey pain me      #,2022-12-15 20:56:49+00:00,False
2514,                    ,2022-12-15 20:56:41+00:00,False
2516,RT : $20 | 290.000 IDR ~ 4 HOURS  RT this &amp;      ,2022-12-15 20:56:40+00:00,False
2517,RT :  imprisoned and tortured by  since Nov 2019 for speaking about the slavery at the heart of Qata,2022-12-15 20:56:39+00:00,False
2525,RT : Is it a Grail?  Black 1/1 Messi pulled at Cherry  Recently acquired by Exquisite Sports Collectibles.  ,2022-12-15 20:56:33+00:00,False
2539,RT : Die Klimaanlagen knnten die WM 2022 in Katar entscheiden. Nach zahlreichen Mannschaften zuvor ist nun auch Finalist Frankr,2022-12-15 20:56:14+00:00,False
2540,RT : Adesua Wellington sef be stepper...abi na my eyes dey pain me      #,2022-12-15 20:56:14+00:00,False
2543,RT : $20 | 290.000 IDR ~ 4 HOURS  RT this &amp;      ,2022-12-15 20:56:10+00:00,False
2546,RT : Adesua Wellington sef be stepper...abi na my eyes dey pain me      #,2022-12-15 20:56:02+00:00,False
2547,RT : The IR in Iran is executing protesters under the media blackout in the region caused by  ,2022-12-15 20:57:59+00:00,False
2554,RT : Adesua Wellington sef be stepper...abi na my eyes dey pain me      #,2022-12-15 20:57:53+00:00,False
2567,RT : $20 | 290.000 IDR ~ 4 HOURS  RT this &amp;      ,2022-12-15 20:57:37+00:00,False
2573,", ,     goo ",2022-12-15 20:57:30+00:00,False
2587,RT : Adesua Wellington sef be stepper...abi na my eyes dey pain me      #,2022-12-15 20:57:04+00:00,False
2593,RT : Adesua Wellington sef be stepper...abi na my eyes dey pain me      #,2022-12-15 20:57:01+00:00,False
2598,   ,2022-12-15 20:58:56+00:00,False
2603,RT : During this Arab hosted World Cup we have seen Western media:- Paint Qatar's team as terrorists- BBC pundits brand Iran,2022-12-15 20:58:50+00:00,False
2604,  ,2022-12-15 20:58:49+00:00,False
2618,Mehran Samak was shot in the head while he was honking his car horn to celebrate IR football team's loss to US in .3/3,2022-12-15 20:58:37+00:00,False
2621,RT : During this Arab hosted World Cup we have seen Western media:- Paint Qatar's team as terrorists- BBC pundits brand Iran,2022-12-15 20:58:36+00:00,False
2623,RT : $20 | 290.000 IDR ~ 4 HOURS  RT this &amp;      ,2022-12-15 20:58:35+00:00,False
2637,Plain and simple. Fuck France! Gooo Argentina!!! ,2022-12-15 20:58:21+00:00,False
2641,"RT :  Adien Rabiot et Dayot Upamecano sont bien prsent lors de la sance du jour. En revanche, Kingsley Coman qui tait d",2022-12-15 20:58:16+00:00,False
2646,RT : Comment ragirait le roi du Maroc si  Marrakech des milliers de Franais venaient fter la victoire de la France ?,2022-12-15 20:58:08+00:00,False
2651,RT : Adesua Wellington sef be stepper...abi na my eyes dey pain me      #,2022-12-15 20:58:03+00:00,False
2652,RT : Adesua Wellington sef be stepper...abi na my eyes dey pain me      #,2022-12-15 20:58:01+00:00,False
2653,RT : Adesua Wellington sef be stepper...abi na my eyes dey pain me      #,2022-12-15 20:58:00+00:00,False
2658,RT : Adesua Wellington sef be stepper...abi na my eyes dey pain me      #,2022-12-15 20:59:51+00:00,False
2674, has lodged an offical complaint to  over the refereeing in the semi-final defeat to     ,2022-12-15 20:59:18+00:00,False
2675,: Here Is Why Lionel Messi Might Miss The Finals Against France ,2022-12-15 20:59:16+00:00,False
2679,"RT :  Official: Tunisia has the best defense (nation) in the world for the year 2022, with 12 games without conceding a goa",2022-12-15 20:59:08+00:00,False
2680,RT : Adesua Wellington sef be stepper...abi na my eyes dey pain me      #,2022-12-15 20:59:05+00:00,False
